{
  "id": "2156369",
  "name": "taobao",
  "font_family": "iconfont",
  "css_prefix_text": "icon-",
  "description": "",
  "glyphs": [
    {
      "icon_id": "577329",
      "name": "标星-fill",
      "font_class": "biaoxingfill",
      "unicode": "e732",
      "unicode_decimal": 59186
    },
    {
      "icon_id": "577330",
      "name": "标星",
      "font_class": "biaoxing",
      "unicode": "e733",
      "unicode_decimal": 59187
    },
    {
      "icon_id": "577332",
      "name": "店铺-fill",
      "font_class": "dianpufill",
      "unicode": "e735",
      "unicode_decimal": 59189
    },
    {
      "icon_id": "577334",
      "name": "店铺",
      "font_class": "dianpu",
      "unicode": "e736",
      "unicode_decimal": 59190
    },
    {
      "icon_id": "577335",
      "name": "订单",
      "font_class": "dingdan",
      "unicode": "e737",
      "unicode_decimal": 59191
    },
    {
      "icon_id": "577340",
      "name": "购物车-fill",
      "font_class": "gouwuchefill",
      "unicode": "e73c",
      "unicode_decimal": 59196
    },
    {
      "icon_id": "577341",
      "name": "购物车",
      "font_class": "gouwuche",
      "unicode": "e73d",
      "unicode_decimal": 59197
    },
    {
      "icon_id": "577344",
      "name": "客服-fill",
      "font_class": "kefufill",
      "unicode": "e740",
      "unicode_decimal": 59200
    },
    {
      "icon_id": "577345",
      "name": "客服",
      "font_class": "kefu",
      "unicode": "e741",
      "unicode_decimal": 59201
    },
    {
      "icon_id": "577363",
      "name": "首页-fill",
      "font_class": "shouyefill",
      "unicode": "e750",
      "unicode_decimal": 59216
    },
    {
      "icon_id": "577364",
      "name": "首页",
      "font_class": "shouye",
      "unicode": "e751",
      "unicode_decimal": 59217
    },
    {
      "icon_id": "577368",
      "name": "淘宝",
      "font_class": "taobao1",
      "unicode": "e755",
      "unicode_decimal": 59221
    },
    {
      "icon_id": "577378",
      "name": "我的-fill",
      "font_class": "wodefill",
      "unicode": "e75d",
      "unicode_decimal": 59229
    },
    {
      "icon_id": "577379",
      "name": "我的",
      "font_class": "wode",
      "unicode": "e75e",
      "unicode_decimal": 59230
    },
    {
      "icon_id": "17446806",
      "name": "淘宝",
      "font_class": "taobao",
      "unicode": "e60e",
      "unicode_decimal": 58894
    }
  ]
}
